{
    "ambientocclusion": false,
    "textures": {
        "particle": "#bottom"
    },
    "elements": [
        {
            "from": [0, 0, 0],
            "to": [10, 10, 16],
            "faces": {
                "down": { "uv": [10, 10, 0, 16], "texture": "#bottom", "cullface": "down", "rotation": 90 },
                "north": { "uv": [0, 0, 10, 10], "texture": "#bottom" },
                "south": { "uv": [10, 0, 0, 10], "texture": "#bottom" },
                "west": { "uv": [0, 0, 10, 10], "texture": "#bottom" },
                "east": { "uv": [10, 0, 0, 10], "texture": "#bottom" }
            }
        },
        {
            "from": [15, 5, 0],
            "to": [25, 15, 16],
            "faces": {
                "down": { "uv": [25, 15, 15, 16], "texture": "#bottom" },
                "north": { "uv": [15, 5, 25, 15], "texture": "#bottom" },
                "south": { "uv": [25, 5, 15, 15], "texture": "#bottom" },
                "west": { "uv": [15, 5, 25, 15], "texture": "#bottom" },
                "east": { "uv": [25, 5, 15, 15], "texture": "#bottom" }
            }
        }
    ]
}
