{
    "ambientocclusion": false,
    "textures": {
        "particle": "#bottom"
    },
    "elements": [
        {
            "from": [5, 0, 0],
            "to": [20, 20, 16],
            "faces": {
                "down": { "uv": [20, 20, 5, 16], "texture": "#bottom" },
                "north": { "uv": [5, 0, 20, 20], "texture": "#bottom" },
                "south": { "uv": [20, 0, 5, 20], "texture": "#bottom" },
                "west": { "uv": [5, 0, 20, 20], "texture": "#bottom" },
                "east": { "uv": [20, 0, 5, 20], "texture": "#bottom" }
            }
        },
        {
            "from": [0, 10, 0],
            "to": [10, 34, 16],
            "faces": {
                "down": { "uv": [10, 34, 0, 16], "texture": "#bottom" },
                "north": { "uv": [0, 10, 10, 34], "texture": "#bottom" },
                "south": { "uv": [10, 10, 0, 34], "texture": "#bottom" },
                "west": { "uv": [0, 10, 10, 34], "texture": "#bottom" },
                "east": { "uv": [10, 10, 0, 34], "texture": "#bottom" }
            }
        }
    ]
}
