{
    "ambientocclusion": false,
    "textures": {
        "particle": "#bottom"
    },
    "elements": [
        {
            "from": [10, 10, 0],
            "to": [25, 25, 16],
            "faces": {
                "down": { "uv": [25, 25, 10, 16], "texture": "#bottom" },
                "north": { "uv": [10, 10, 25, 25], "texture": "#bottom" },
                "south": { "uv": [25, 10, 10, 25], "texture": "#bottom" },
                "west": { "uv": [10, 10, 25, 25], "texture": "#bottom" },
                "east": { "uv": [25, 10, 10, 25], "texture": "#bottom" }
            }
        },
        {
            "from": [0, 0, 0],
            "to": [5, 15, 16],
            "faces": {
                "down": { "uv": [5, 15, 0, 16], "texture": "#bottom" },
                "north": { "uv": [0, 0, 5, 15], "texture": "#bottom" },
                "south": { "uv": [5, 0, 0, 15], "texture": "#bottom" },
                "west": { "uv": [0, 0, 5, 15], "texture": "#bottom" },
                "east": { "uv": [5, 0, 0, 15], "texture": "#bottom" }
            }
        }
    ]
}
