{
    "ambientocclusion": false,
    "textures": {
        "particle": "#bottom"
    },
    "elements": [
        {
            "from": [0, 0, 0],
            "to": [34, 20, 16],
            "faces": {
                "down": { "uv": [34, 20, 0, 16], "texture": "#bottom" },
                "north": { "uv": [0, 0, 34, 20], "texture": "#bottom" },
                "south": { "uv": [34, 0, 0, 20], "texture": "#bottom" },
                "west": { "uv": [0, 0, 34, 20], "texture": "#bottom" },
                "east": { "uv": [34, 0, 0, 20], "texture": "#bottom" }
            }
        },
        {
            "from": [5, 5, 0],
            "to": [15, 15, 16],
            "faces": {
                "down": { "uv": [15, 15, 5, 16], "texture": "#bottom" },
                "north": { "uv": [5, 5, 15, 15], "texture": "#bottom" },
                "south": { "uv": [15, 5, 5, 15], "texture": "#bottom" },
                "west": { "uv": [5, 5, 15, 15], "texture": "#bottom" },
                "east": { "uv": [15, 5, 5, 15], "texture": "#bottom" }
            }
        }
    ]
}
