{
    "ambientocclusion": false,
    "textures": {
        "particle": "#bottom"
    },
    "elements": [
        {
            "from": [5, 5, 0],
            "to": [20, 25, 16],
            "faces": {
                "down": { "uv": [20, 25, 5, 16], "texture": "#bottom" },
                "north": { "uv": [5, 5, 20, 25], "texture": "#bottom" },
                "south": { "uv": [20, 5, 5, 25], "texture": "#bottom" },
                "west": { "uv": [5, 5, 20, 25], "texture": "#bottom" },
                "east": { "uv": [20, 5, 5, 25], "texture": "#bottom" }
            }
        },
        {
            "from": [15, 0, 0],
            "to": [34, 10, 16],
            "faces": {
                "down": { "uv": [34, 10, 15, 16], "texture": "#bottom" },
                "north": { "uv": [15, 0, 34, 10], "texture": "#bottom" },
                "south": { "uv": [34, 0, 15, 10], "texture": "#bottom" },
                "west": { "uv": [15, 0, 34, 10], "texture": "#bottom" },
                "east": { "uv": [34, 0, 15, 10], "texture": "#bottom" }
            }
        }
    ]
}
